{"proxies":{"ti.exoplayer.TiExoplayerModule":{"superPackageName":"org.appcelerator.kroll","methods":{"example":{"runOnUiThread":false,"hasInvocation":false,"args":[],"apiName":"example","converter":"org.appcelerator.kroll.KrollConverter","defaultValueProvider":"org.appcelerator.kroll.KrollConverter","name":"__default_name__","returnType":"java.lang.String"}},"dynamicProperties":{"exampleProp":{"set":true,"nativeConverter":"org.appcelerator.kroll.KrollConverter","getMethodName":"getExampleProp","setMethodName":"setExampleProp","setMethodArgs":[{"converter":"org.appcelerator.kroll.KrollConverter","defaultValueProvider":"org.appcelerator.kroll.KrollConverter","name":"value","sourceName":"value","type":"java.lang.String"}],"setDefaultProviders":["org.appcelerator.kroll.KrollConverter"],"converter":"org.appcelerator.kroll.KrollConverter","defaultValueProvider":"org.appcelerator.kroll.KrollConverter","retain":true,"javascriptConverter":"org.appcelerator.kroll.KrollConverter","getHasInvocation":false,"runOnUiThread":false,"getMethodArgs":[],"getReturnType":"java.lang.String","setReturnType":"void","get":true,"name":"exampleProp","setHasInvocation":false,"getDefaultProviders":[]}},"superProxyClassName":"KrollModule","isModule":true,"genClassName":"TiExoplayerModuleBindingGen","superProxyBindingClassName":"org.appcelerator.kroll.KrollModuleBindingGen","proxyClassName":"TiExoplayerModule","proxyAttrs":{"propertyAccessors":[],"fullAPIName":"TiExoplayer","name":"TiExoplayer","proxyClassName":"ti.exoplayer.TiExoplayerModule","isTopLevel":false,"id":"ti.exoplayer"},"packageName":"ti.exoplayer","sourceName":"ti.exoplayer.TiExoplayerModuleBindingGen","isTitaniumSdk":false,"onAppCreate":"onAppCreate"},"ti.exoplayer.VideoPlayerProxy":{"superPackageName":"org.appcelerator.titanium.proxy","dynamicProperties":{"url":{"set":true,"nativeConverter":"org.appcelerator.kroll.KrollConverter","getMethodName":"getUrl","setMethodName":"setUrl","setMethodArgs":[{"converter":"org.appcelerator.kroll.KrollConverter","defaultValueProvider":"org.appcelerator.kroll.KrollConverter","name":"_url","sourceName":"_url","type":"java.lang.String"}],"setDefaultProviders":["org.appcelerator.kroll.KrollConverter"],"converter":"org.appcelerator.kroll.KrollConverter","defaultValueProvider":"org.appcelerator.kroll.KrollConverter","retain":true,"javascriptConverter":"org.appcelerator.kroll.KrollConverter","getHasInvocation":false,"runOnUiThread":false,"getMethodArgs":[],"getReturnType":"java.lang.String","setReturnType":"void","get":true,"name":"url","setHasInvocation":false,"getDefaultProviders":[]}},"methods":{"play":{"runOnUiThread":false,"hasInvocation":false,"args":[],"apiName":"play","converter":"org.appcelerator.kroll.KrollConverter","defaultValueProvider":"org.appcelerator.kroll.KrollConverter","name":"__default_name__","returnType":"void"},"stop":{"runOnUiThread":false,"hasInvocation":false,"args":[],"apiName":"stop","converter":"org.appcelerator.kroll.KrollConverter","defaultValueProvider":"org.appcelerator.kroll.KrollConverter","name":"__default_name__","returnType":"void"},"pause":{"runOnUiThread":false,"hasInvocation":false,"args":[],"apiName":"pause","converter":"org.appcelerator.kroll.KrollConverter","defaultValueProvider":"org.appcelerator.kroll.KrollConverter","name":"__default_name__","returnType":"void"}},"superProxyBindingClassName":"org.appcelerator.titanium.proxy.TiViewProxyBindingGen","proxyClassName":"VideoPlayerProxy","proxyAttrs":{"propertyAccessors":[],"fullAPIName":"TiExoplayer.VideoPlayer","name":"VideoPlayer","proxyClassName":"ti.exoplayer.VideoPlayerProxy","isTopLevel":false,"id":"ti.exoplayer.VideoPlayerProxy","creatableInModule":"ti.exoplayer.TiExoplayerModule","parentModule":"org.appcelerator.kroll.annotations.Kroll.DEFAULT"},"packageName":"ti.exoplayer","sourceName":"ti.exoplayer.VideoPlayerProxyBindingGen","isTitaniumSdk":false,"superProxyClassName":"TiViewProxy","isModule":false,"genClassName":"VideoPlayerProxyBindingGen"}},"modules":{"ti.exoplayer.TiExoplayerModule":{"apiName":"TiExoplayer","createProxies":[{"propertyAccessors":[],"fullAPIName":"TiExoplayer.VideoPlayer","name":"VideoPlayer","proxyClassName":"ti.exoplayer.VideoPlayerProxy","isTopLevel":false,"id":"ti.exoplayer.VideoPlayerProxy","creatableInModule":"ti.exoplayer.TiExoplayerModule","parentModule":"org.appcelerator.kroll.annotations.Kroll.DEFAULT"}]}}}