{"proxies":{"ti.exoplayer.TiExoPlayerModule":{"superPackageName":"org.appcelerator.kroll","superProxyBindingClassName":"org.appcelerator.kroll.KrollModuleBindingGen","proxyClassName":"TiExoPlayerModule","proxyAttrs":{"propertyAccessors":[],"fullAPIName":"TiExoplayer","name":"TiExoplayer","proxyClassName":"ti.exoplayer.TiExoPlayerModule","isTopLevel":false,"id":"ti.exoplayer"},"packageName":"ti.exoplayer","sourceName":"ti.exoplayer.TiExoPlayerModuleBindingGen","isTitaniumSdk":false,"superProxyClassName":"KrollModule","isModule":true,"genClassName":"TiExoPlayerModuleBindingGen","onAppCreate":"onAppCreate"},"ti.exoplayer.ExoPlayerProxy":{"superPackageName":"org.appcelerator.titanium.proxy","dynamicProperties":{"url":{"set":true,"nativeConverter":"org.appcelerator.kroll.KrollConverter","getMethodName":"getUrl","setMethodName":"setUrl","setMethodArgs":[{"converter":"org.appcelerator.kroll.KrollConverter","defaultValueProvider":"org.appcelerator.kroll.KrollConverter","name":"url","sourceName":"url","type":"java.lang.String"}],"setDefaultProviders":["org.appcelerator.kroll.KrollConverter"],"converter":"org.appcelerator.kroll.KrollConverter","defaultValueProvider":"org.appcelerator.kroll.KrollConverter","retain":true,"javascriptConverter":"org.appcelerator.kroll.KrollConverter","getHasInvocation":false,"runOnUiThread":false,"getMethodArgs":[],"getReturnType":"java.lang.String","setReturnType":"void","get":true,"name":"url","setHasInvocation":false,"getDefaultProviders":[]}},"methods":{"play":{"runOnUiThread":false,"hasInvocation":false,"args":[],"apiName":"play","converter":"org.appcelerator.kroll.KrollConverter","defaultValueProvider":"org.appcelerator.kroll.KrollConverter","name":"__default_name__","returnType":"void"},"stop":{"runOnUiThread":false,"hasInvocation":false,"args":[],"apiName":"stop","converter":"org.appcelerator.kroll.KrollConverter","defaultValueProvider":"org.appcelerator.kroll.KrollConverter","name":"__default_name__","returnType":"void"}},"superProxyBindingClassName":"org.appcelerator.titanium.proxy.TiViewProxyBindingGen","proxyClassName":"ExoPlayerProxy","proxyAttrs":{"propertyAccessors":[],"fullAPIName":"TiExoplayer.ExoPlayer","name":"ExoPlayer","proxyClassName":"ti.exoplayer.ExoPlayerProxy","isTopLevel":false,"id":"ti.exoplayer.ExoPlayerProxy","creatableInModule":"ti.exoplayer.TiExoPlayerModule","parentModule":"org.appcelerator.kroll.annotations.Kroll.DEFAULT"},"packageName":"ti.exoplayer","sourceName":"ti.exoplayer.ExoPlayerProxyBindingGen","isTitaniumSdk":false,"superProxyClassName":"TiViewProxy","isModule":false,"genClassName":"ExoPlayerProxyBindingGen"}},"modules":{"ti.exoplayer.TiExoPlayerModule":{"apiName":"TiExoplayer","createProxies":[{"propertyAccessors":[],"fullAPIName":"TiExoplayer.ExoPlayer","name":"ExoPlayer","proxyClassName":"ti.exoplayer.ExoPlayerProxy","isTopLevel":false,"id":"ti.exoplayer.ExoPlayerProxy","creatableInModule":"ti.exoplayer.TiExoPlayerModule","parentModule":"org.appcelerator.kroll.annotations.Kroll.DEFAULT"}]}}}